domain,length
001035.xyz,6
001037.xyz,6
001039.xyz,6
001049.xyz,6
001071.xyz,6
001130.xyz,6
001134.xyz,6
001159.xyz,6
001164.xyz,6
001165.xyz,6
001172.xyz,6
001174.xyz,6
001182.xyz,6
001183.xyz,6
001184.xyz,6
001185.xyz,6
001187.xyz,6
001191.xyz,6
001192.xyz,6
001195.xyz,6
001207.xyz,6
001216.xyz,6
001217.xyz,6
001218.xyz,6
001228.xyz,6
001229.xyz,6
001239.xyz,6
001241.xyz,6
001242.xyz,6
001243.xyz,6
001246.xyz,6
001247.xyz,6
001249.xyz,6
001250.xyz,6
001251.xyz,6
001253.xyz,6
001254.xyz,6
001257.xyz,6
001260.xyz,6
001261.xyz,6
001262.xyz,6
001263.xyz,6
001264.xyz,6
001265.xyz,6
001266.xyz,6
001267.xyz,6
001268.xyz,6
001269.xyz,6
001270.xyz,6
001271.xyz,6
001272.xyz,6
001273.xyz,6
001275.xyz,6
001276.xyz,6
001279.xyz,6
001280.xyz,6
001281.xyz,6
001283.xyz,6
001284.xyz,6
001285.xyz,6
001286.xyz,6
001287.xyz,6
001290.xyz,6
001291.xyz,6
001292.xyz,6
001293.xyz,6
001294.xyz,6
001295.xyz,6
001296.xyz,6
001297.xyz,6
001298.xyz,6
001310.xyz,6
001320.xyz,6
001326.xyz,6
001329.xyz,6
001351.xyz,6
001352.xyz,6
001353.xyz,6
001354.xyz,6
001358.xyz,6
001359.xyz,6
001361.xyz,6
001362.xyz,6
001363.xyz,6
001364.xyz,6
001366.xyz,6
001367.xyz,6
001368.xyz,6
001389.xyz,6
001390.xyz,6
001391.xyz,6
001392.xyz,6
001393.xyz,6
001395.xyz,6
001396.xyz,6
001397.xyz,6
001399.xyz,6
001401.xyz,6
001403.xyz,6
001405.xyz,6
001406.xyz,6
001407.xyz,6
001408.xyz,6
001409.xyz,6
001411.xyz,6
001413.xyz,6
001416.xyz,6
001417.xyz,6
001418.xyz,6
001419.xyz,6
001421.xyz,6
001422.xyz,6
001423.xyz,6
001425.xyz,6
001426.xyz,6
001427.xyz,6
001428.xyz,6
001429.xyz,6
001431.xyz,6
001432.xyz,6
001433.xyz,6
001434.xyz,6
001435.xyz,6
001436.xyz,6
001437.xyz,6
001439.xyz,6
001442.xyz,6
001443.xyz,6
001446.xyz,6
001447.xyz,6
001448.xyz,6
001449.xyz,6
001450.xyz,6
001451.xyz,6
001452.xyz,6
001454.xyz,6
001455.xyz,6
001457.xyz,6
001458.xyz,6
001459.xyz,6
001460.xyz,6
001462.xyz,6
001463.xyz,6
001464.xyz,6
001465.xyz,6
001466.xyz,6
001467.xyz,6
001468.xyz,6
001469.xyz,6
001470.xyz,6
001471.xyz,6
001472.xyz,6
001473.xyz,6
001474.xyz,6
001475.xyz,6
001476.xyz,6
001477.xyz,6
001479.xyz,6
001481.xyz,6
001482.xyz,6
001483.xyz,6
001484.xyz,6
001485.xyz,6
001486.xyz,6
001487.xyz,6
001488.xyz,6
001489.xyz,6
001490.xyz,6
001491.xyz,6
001493.xyz,6
001494.xyz,6
001495.xyz,6
001496.xyz,6
001497.xyz,6
001498.xyz,6
001499.xyz,6
001501.xyz,6
001502.xyz,6
001508.xyz,6
001509.xyz,6
001512.xyz,6
001513.xyz,6
001514.xyz,6
001517.xyz,6
001519.xyz,6
001530.xyz,6
001532.xyz,6
001533.xyz,6
001534.xyz,6
001535.xyz,6
001536.xyz,6
001538.xyz,6
001539.xyz,6
001542.xyz,6
001543.xyz,6
001544.xyz,6
001547.xyz,6
001548.xyz,6
001549.xyz,6
001570.xyz,6
001571.xyz,6
001574.xyz,6
001575.xyz,6
001576.xyz,6
001577.xyz,6
001578.xyz,6
001579.xyz,6
001581.xyz,6
001582.xyz,6
001583.xyz,6
001584.xyz,6
001586.xyz,6
001597.xyz,6
001599.xyz,6
001602.xyz,6
001603.xyz,6
001605.xyz,6
001607.xyz,6
001608.xyz,6
001610.xyz,6
001611.xyz,6
001612.xyz,6
001614.xyz,6
001622.xyz,6
001623.xyz,6
001624.xyz,6
001625.xyz,6
001626.xyz,6
001628.xyz,6
001629.xyz,6
001630.xyz,6
001631.xyz,6
001632.xyz,6
001633.xyz,6
001634.xyz,6
001635.xyz,6
001636.xyz,6
001637.xyz,6
001638.xyz,6
001639.xyz,6
001640.xyz,6
001641.xyz,6
001642.xyz,6
001643.xyz,6
001644.xyz,6
001645.xyz,6
001646.xyz,6
001647.xyz,6
001649.xyz,6
001650.xyz,6
001651.xyz,6
001652.xyz,6
001653.xyz,6
001654.xyz,6
001655.xyz,6
001656.xyz,6
001657.xyz,6
001658.xyz,6
001659.xyz,6
001660.xyz,6
001662.xyz,6
001663.xyz,6
001667.xyz,6
001669.xyz,6
001670.xyz,6
001671.xyz,6
001672.xyz,6
001673.xyz,6
001675.xyz,6
001676.xyz,6
001677.xyz,6
001679.xyz,6
001680.xyz,6
001681.xyz,6
001682.xyz,6
001683.xyz,6
001684.xyz,6
001685.xyz,6
001686.xyz,6
001687.xyz,6
001690.xyz,6
001693.xyz,6
001694.xyz,6
001695.xyz,6
001696.xyz,6
001697.xyz,6
001703.xyz,6
001705.xyz,6
001706.xyz,6
001708.xyz,6
001709.xyz,6
001712.xyz,6
001713.xyz,6
001714.xyz,6
001716.xyz,6
001719.xyz,6
001720.xyz,6
001721.xyz,6
001722.xyz,6
001723.xyz,6
001724.xyz,6
001725.xyz,6
001726.xyz,6
001727.xyz,6
001728.xyz,6
001730.xyz,6
001731.xyz,6
001732.xyz,6
001733.xyz,6
001734.xyz,6
001735.xyz,6
001736.xyz,6
001737.xyz,6
001739.xyz,6
001740.xyz,6
001741.xyz,6
001742.xyz,6
001743.xyz,6
001744.xyz,6
001746.xyz,6
001747.xyz,6
001748.xyz,6
001749.xyz,6
001750.xyz,6
001751.xyz,6
001752.xyz,6
001753.xyz,6
001754.xyz,6
001755.xyz,6
001757.xyz,6
001758.xyz,6
001759.xyz,6
001761.xyz,6
001762.xyz,6
001763.xyz,6
001764.xyz,6
001765.xyz,6
001766.xyz,6
001767.xyz,6
001768.xyz,6
001769.xyz,6
001770.xyz,6
001772.xyz,6
001773.xyz,6
001774.xyz,6
001775.xyz,6
001778.xyz,6
001779.xyz,6
001780.xyz,6
001781.xyz,6
001782.xyz,6
001783.xyz,6
001784.xyz,6
001785.xyz,6
001786.xyz,6
001787.xyz,6
001790.xyz,6
001791.xyz,6
001793.xyz,6
001794.xyz,6
001795.xyz,6
001796.xyz,6
001797.xyz,6
001799.xyz,6
001802.xyz,6
001803.xyz,6
001804.xyz,6
001805.xyz,6
001806.xyz,6
001807.xyz,6
001812.xyz,6
001814.xyz,6
001816.xyz,6
001817.xyz,6
001820.xyz,6
001821.xyz,6
001822.xyz,6
001823.xyz,6
001824.xyz,6
001825.xyz,6
001827.xyz,6
001828.xyz,6
001829.xyz,6
001831.xyz,6
001832.xyz,6
001835.xyz,6
001836.xyz,6
001837.xyz,6
001838.xyz,6
001839.xyz,6
001840.xyz,6
001841.xyz,6
001842.xyz,6
001843.xyz,6
001845.xyz,6
001846.xyz,6
001847.xyz,6
001849.xyz,6
001850.xyz,6
001851.xyz,6
001853.xyz,6
001854.xyz,6
001855.xyz,6
001857.xyz,6
001858.xyz,6
001859.xyz,6
001860.xyz,6
001861.xyz,6
001862.xyz,6
001863.xyz,6
001864.xyz,6
001865.xyz,6
001866.xyz,6
001867.xyz,6
001868.xyz,6
001869.xyz,6
001870.xyz,6
001871.xyz,6
001872.xyz,6
001873.xyz,6
001875.xyz,6
001876.xyz,6
001877.xyz,6
001878.xyz,6
001882.xyz,6
001883.xyz,6
001884.xyz,6
001885.xyz,6
001886.xyz,6
001890.xyz,6
001891.xyz,6
001892.xyz,6
001893.xyz,6
001894.xyz,6
001896.xyz,6
001898.xyz,6
001902.xyz,6
001903.xyz,6
001904.xyz,6
001905.xyz,6
001906.xyz,6
001907.xyz,6
001908.xyz,6
001915.xyz,6
001920.xyz,6
001922.xyz,6
001925.xyz,6
001928.xyz,6
001930.xyz,6
001931.xyz,6
001933.xyz,6
001934.xyz,6
001935.xyz,6
001936.xyz,6
001937.xyz,6
001938.xyz,6
001939.xyz,6
001940.xyz,6
001942.xyz,6
001943.xyz,6
001946.xyz,6
001948.xyz,6
001950.xyz,6
001951.xyz,6
001953.xyz,6
001954.xyz,6
001955.xyz,6
001956.xyz,6
001958.xyz,6
001959.xyz,6
001960.xyz,6
001961.xyz,6
001962.xyz,6
001963.xyz,6
001965.xyz,6
001970.xyz,6
001972.xyz,6
001973.xyz,6
001974.xyz,6
001979.xyz,6
002031.xyz,6
002034.xyz,6
002036.xyz,6
002038.xyz,6
002039.xyz,6
002041.xyz,6
002043.xyz,6
002044.xyz,6
002045.xyz,6
002051.xyz,6
002052.xyz,6
002053.xyz,6
002054.xyz,6
002055.xyz,6
002056.xyz,6
002057.xyz,6
002059.xyz,6
002061.xyz,6
002062.xyz,6
002063.xyz,6
002064.xyz,6
002065.xyz,6
002066.xyz,6
002067.xyz,6
002068.xyz,6
002069.xyz,6
002071.xyz,6
002072.xyz,6
002073.xyz,6
002074.xyz,6
002075.xyz,6
002076.xyz,6
002078.xyz,6
002079.xyz,6
002081.xyz,6
002082.xyz,6
002083.xyz,6
002084.xyz,6
002086.xyz,6
002089.xyz,6
002091.xyz,6
002092.xyz,6
002093.xyz,6
002094.xyz,6
002095.xyz,6
002096.xyz,6
002097.xyz,6
002102.xyz,6
002105.xyz,6
002106.xyz,6
002107.xyz,6
002113.xyz,6
002115.xyz,6
002119.xyz,6
002123.xyz,6
002124.xyz,6
002125.xyz,6
002126.xyz,6
002127.xyz,6
002128.xyz,6
002129.xyz,6
002130.xyz,6
002131.xyz,6
002133.xyz,6
002134.xyz,6
002135.xyz,6
002136.xyz,6
002139.xyz,6
002140.xyz,6
002141.xyz,6
002142.xyz,6
002143.xyz,6
002144.xyz,6
002146.xyz,6
002147.xyz,6
002148.xyz,6
002149.xyz,6
002150.xyz,6
002151.xyz,6
002152.xyz,6
002153.xyz,6
002154.xyz,6
002155.xyz,6
002156.xyz,6
002157.xyz,6
002158.xyz,6
002159.xyz,6
002161.xyz,6
002162.xyz,6
002163.xyz,6
002164.xyz,6
002165.xyz,6
002166.xyz,6
002167.xyz,6
002168.xyz,6
002170.xyz,6
002171.xyz,6
002172.xyz,6
002173.xyz,6
002174.xyz,6
002176.xyz,6
002177.xyz,6
002178.xyz,6
002179.xyz,6
002181.xyz,6
002183.xyz,6
002184.xyz,6
002185.xyz,6
002186.xyz,6
002187.xyz,6
002188.xyz,6
002189.xyz,6
002191.xyz,6
002193.xyz,6
002194.xyz,6
002196.xyz,6
002197.xyz,6
002198.xyz,6
002204.xyz,6
002205.xyz,6
002206.xyz,6
002207.xyz,6
002209.xyz,6
002210.xyz,6
002213.xyz,6
002214.xyz,6
002217.xyz,6
002218.xyz,6
002219.xyz,6
002227.xyz,6
002235.xyz,6
002238.xyz,6
002239.xyz,6
002240.xyz,6
002241.xyz,6
002242.xyz,6
002243.xyz,6
002247.xyz,6
002249.xyz,6
002250.xyz,6
002251.xyz,6
002252.xyz,6
002256.xyz,6
002257.xyz,6
002258.xyz,6
002259.xyz,6
002260.xyz,6
002261.xyz,6
002262.xyz,6
002264.xyz,6
002265.xyz,6
002267.xyz,6
002268.xyz,6
002270.xyz,6
002271.xyz,6
002272.xyz,6
002273.xyz,6
002274.xyz,6
002275.xyz,6
002276.xyz,6
002278.xyz,6
002279.xyz,6
002281.xyz,6
002282.xyz,6
002283.xyz,6
002284.xyz,6
002285.xyz,6
002286.xyz,6
002287.xyz,6
002289.xyz,6
002290.xyz,6
002291.xyz,6
002292.xyz,6
002294.xyz,6
002295.xyz,6
002297.xyz,6
002298.xyz,6
002301.xyz,6
002302.xyz,6
002303.xyz,6
002305.xyz,6
002307.xyz,6
002308.xyz,6
002309.xyz,6
002311.xyz,6
002312.xyz,6
002313.xyz,6
002314.xyz,6
002315.xyz,6
002316.xyz,6
002318.xyz,6
002319.xyz,6
002322.xyz,6
002326.xyz,6
002327.xyz,6
002328.xyz,6
002329.xyz,6
002331.xyz,6
002335.xyz,6
002336.xyz,6
002339.xyz,6
002340.xyz,6
002341.xyz,6
002342.xyz,6
002343.xyz,6
002344.xyz,6
002346.xyz,6
002347.xyz,6
002348.xyz,6
002349.xyz,6
002350.xyz,6
002351.xyz,6
002352.xyz,6
002354.xyz,6
002355.xyz,6
002356.xyz,6
002357.xyz,6
002362.xyz,6
002363.xyz,6
002364.xyz,6
002366.xyz,6
002367.xyz,6
002368.xyz,6
002369.xyz,6
002370.xyz,6
002371.xyz,6
002372.xyz,6
002373.xyz,6
002374.xyz,6
002375.xyz,6
002376.xyz,6
002377.xyz,6
002378.xyz,6
002379.xyz,6
002380.xyz,6
002381.xyz,6
002382.xyz,6
002383.xyz,6
002384.xyz,6
002385.xyz,6
002386.xyz,6
002387.xyz,6
002388.xyz,6
002389.xyz,6
002390.xyz,6
002391.xyz,6
002392.xyz,6
002393.xyz,6
002394.xyz,6
002395.xyz,6
002396.xyz,6
002398.xyz,6
002399.xyz,6
002402.xyz,6
002403.xyz,6
002406.xyz,6
002407.xyz,6
002409.xyz,6
002410.xyz,6
002411.xyz,6
002412.xyz,6
002414.xyz,6
002415.xyz,6
002416.xyz,6
002417.xyz,6
002418.xyz,6
002419.xyz,6
002420.xyz,6
002421.xyz,6
002422.xyz,6
002423.xyz,6
002426.xyz,6
002427.xyz,6
002428.xyz,6
002429.xyz,6
002430.xyz,6
002431.xyz,6
002436.xyz,6
002437.xyz,6
002438.xyz,6
002439.xyz,6
002440.xyz,6
002441.xyz,6
002442.xyz,6
002445.xyz,6
002446.xyz,6
002447.xyz,6
002448.xyz,6
002449.xyz,6
002460.xyz,6
002461.xyz,6
002462.xyz,6
002463.xyz,6
002464.xyz,6
002465.xyz,6
002466.xyz,6
002467.xyz,6
002470.xyz,6
002471.xyz,6
002472.xyz,6
002473.xyz,6
002475.xyz,6
002476.xyz,6
002477.xyz,6
002478.xyz,6
002480.xyz,6
002482.xyz,6
002483.xyz,6
002485.xyz,6
002486.xyz,6
002487.xyz,6
002488.xyz,6
002489.xyz,6
002490.xyz,6
002491.xyz,6
002492.xyz,6
002493.xyz,6
002494.xyz,6
002495.xyz,6
002496.xyz,6
002497.xyz,6
002498.xyz,6
002499.xyz,6
002502.xyz,6
002503.xyz,6
002504.xyz,6
002505.xyz,6
002506.xyz,6
002507.xyz,6
002509.xyz,6
002511.xyz,6
002512.xyz,6
002514.xyz,6
002515.xyz,6
002517.xyz,6
002518.xyz,6
002519.xyz,6
002521.xyz,6
002522.xyz,6
002524.xyz,6
002526.xyz,6
002527.xyz,6
002528.xyz,6
002529.xyz,6
002530.xyz,6
002531.xyz,6
002532.xyz,6
002533.xyz,6
002534.xyz,6
002535.xyz,6
002537.xyz,6
002538.xyz,6
002539.xyz,6
002540.xyz,6
002541.xyz,6
002542.xyz,6
002543.xyz,6
002544.xyz,6
002545.xyz,6
002546.xyz,6
002547.xyz,6
002548.xyz,6
002549.xyz,6
002551.xyz,6
002552.xyz,6
002553.xyz,6
002554.xyz,6
002557.xyz,6
002558.xyz,6
002559.xyz,6
002560.xyz,6
002561.xyz,6
002562.xyz,6
002563.xyz,6
002564.xyz,6
002565.xyz,6
002566.xyz,6
002571.xyz,6
002572.xyz,6
002573.xyz,6
002574.xyz,6
002576.xyz,6
002577.xyz,6
002578.xyz,6
002579.xyz,6
002581.xyz,6
002583.xyz,6
002585.xyz,6
002586.xyz,6
002587.xyz,6
002589.xyz,6
002590.xyz,6
002591.xyz,6
002592.xyz,6
002593.xyz,6
002594.xyz,6
002595.xyz,6
002596.xyz,6
002597.xyz,6
002598.xyz,6
002601.xyz,6
002602.xyz,6
002603.xyz,6
002604.xyz,6
002606.xyz,6
002607.xyz,6
002608.xyz,6
002609.xyz,6
002611.xyz,6
002612.xyz,6
002613.xyz,6
002615.xyz,6
002616.xyz,6
002617.xyz,6
002618.xyz,6
002621.xyz,6
002622.xyz,6
002623.xyz,6
002624.xyz,6
002625.xyz,6
002628.xyz,6
002629.xyz,6
002630.xyz,6
002631.xyz,6
002632.xyz,6
002633.xyz,6
002634.xyz,6
002635.xyz,6
002636.xyz,6
002637.xyz,6
002639.xyz,6
002640.xyz,6
002641.xyz,6
002642.xyz,6
002643.xyz,6
002644.xyz,6
002645.xyz,6
002647.xyz,6
002649.xyz,6
002650.xyz,6
002651.xyz,6
002652.xyz,6
002653.xyz,6
002654.xyz,6
002655.xyz,6
002656.xyz,6
002657.xyz,6
002658.xyz,6
002659.xyz,6
002660.xyz,6
002661.xyz,6
002664.xyz,6
002665.xyz,6
002667.xyz,6
002669.xyz,6
002670.xyz,6
002671.xyz,6
002673.xyz,6
002674.xyz,6
002675.xyz,6
002676.xyz,6
002677.xyz,6
002679.xyz,6
002680.xyz,6
002681.xyz,6
002682.xyz,6
002683.xyz,6
002685.xyz,6
002687.xyz,6
002689.xyz,6
002690.xyz,6
002691.xyz,6
002692.xyz,6
002693.xyz,6
002694.xyz,6
002695.xyz,6
002696.xyz,6
002697.xyz,6
002699.xyz,6
002702.xyz,6
002703.xyz,6
002704.xyz,6
002708.xyz,6
002711.xyz,6
002712.xyz,6
002713.xyz,6
002714.xyz,6
002716.xyz,6
002717.xyz,6
002718.xyz,6
002719.xyz,6
002720.xyz,6
002721.xyz,6
002722.xyz,6
002723.xyz,6
002725.xyz,6
002726.xyz,6
002728.xyz,6
002730.xyz,6
002731.xyz,6
002733.xyz,6
002734.xyz,6
002736.xyz,6
002737.xyz,6
002738.xyz,6
002739.xyz,6
002740.xyz,6
002741.xyz,6
002742.xyz,6
002743.xyz,6
002744.xyz,6
002745.xyz,6
002746.xyz,6
002747.xyz,6
002748.xyz,6
002749.xyz,6
002751.xyz,6
002752.xyz,6
002753.xyz,6
002754.xyz,6
002758.xyz,6
002759.xyz,6
002760.xyz,6
002761.xyz,6
002762.xyz,6
002763.xyz,6
002764.xyz,6
002767.xyz,6
002768.xyz,6
002769.xyz,6
002770.xyz,6
002771.xyz,6
002772.xyz,6
002773.xyz,6
002774.xyz,6
002776.xyz,6
002779.xyz,6
002780.xyz,6
002781.xyz,6
002783.xyz,6
002784.xyz,6
002785.xyz,6
002786.xyz,6
002787.xyz,6
002790.xyz,6
002791.xyz,6
002792.xyz,6
002793.xyz,6
002794.xyz,6
002795.xyz,6
002797.xyz,6
002798.xyz,6
002799.xyz,6
002801.xyz,6
002804.xyz,6
002805.xyz,6
002806.xyz,6
002807.xyz,6
002808.xyz,6
002809.xyz,6
002810.xyz,6
002811.xyz,6
002812.xyz,6
002813.xyz,6
002814.xyz,6
002815.xyz,6
002816.xyz,6
002817.xyz,6
002818.xyz,6
002819.xyz,6
002820.xyz,6
002821.xyz,6
002822.xyz,6
002823.xyz,6
002824.xyz,6
002825.xyz,6
002826.xyz,6
002827.xyz,6
002829.xyz,6
002830.xyz,6
002831.xyz,6
002832.xyz,6
002835.xyz,6
002837.xyz,6
002838.xyz,6
002839.xyz,6
002840.xyz,6
002841.xyz,6
002842.xyz,6
002843.xyz,6
002844.xyz,6
002845.xyz,6
002846.xyz,6
002847.xyz,6
002849.xyz,6
002850.xyz,6
002851.xyz,6
002852.xyz,6
002853.xyz,6
002854.xyz,6
002855.xyz,6
002856.xyz,6
002857.xyz,6
002858.xyz,6
002859.xyz,6
002860.xyz,6
002861.xyz,6
002862.xyz,6
002863.xyz,6
002864.xyz,6
002865.xyz,6
002866.xyz,6
002867.xyz,6
002868.xyz,6
002869.xyz,6
002870.xyz,6
002871.xyz,6
002872.xyz,6
002873.xyz,6
002874.xyz,6
002875.xyz,6
002876.xyz,6
002877.xyz,6
002878.xyz,6
002879.xyz,6
002881.xyz,6
002882.xyz,6
002883.xyz,6
002884.xyz,6
002885.xyz,6
002886.xyz,6
002889.xyz,6
002890.xyz,6
002891.xyz,6
002893.xyz,6
002894.xyz,6
002895.xyz,6
002896.xyz,6
002898.xyz,6
002899.xyz,6
002901.xyz,6
002902.xyz,6
002903.xyz,6
002904.xyz,6
002905.xyz,6
002907.xyz,6
002908.xyz,6
002909.xyz,6
002910.xyz,6
002912.xyz,6
002913.xyz,6
002914.xyz,6
002915.xyz,6
002916.xyz,6
002917.xyz,6
002918.xyz,6
002919.xyz,6
002920.xyz,6
002921.xyz,6
002922.xyz,6
002923.xyz,6
002924.xyz,6
002925.xyz,6
002927.xyz,6
002928.xyz,6
002930.xyz,6
002931.xyz,6
002932.xyz,6
002933.xyz,6
002934.xyz,6
002936.xyz,6
002937.xyz,6
002938.xyz,6
002939.xyz,6
002940.xyz,6
002941.xyz,6
002942.xyz,6
002944.xyz,6
002945.xyz,6
002946.xyz,6
002947.xyz,6
002948.xyz,6
002949.xyz,6
002953.xyz,6
002954.xyz,6
002955.xyz,6
002956.xyz,6
002957.xyz,6
002958.xyz,6
002959.xyz,6
002960.xyz,6
002961.xyz,6
002962.xyz,6
002963.xyz,6
002964.xyz,6
002965.xyz,6
002966.xyz,6
002967.xyz,6
002969.xyz,6
002970.xyz,6
002971.xyz,6
002972.xyz,6
002973.xyz,6
002974.xyz,6
002976.xyz,6
002977.xyz,6
002978.xyz,6
002979.xyz,6
002980.xyz,6
002981.xyz,6
002982.xyz,6
002983.xyz,6
002984.xyz,6
002985.xyz,6
002986.xyz,6
002988.xyz,6
002989.xyz,6
002990.xyz,6
002991.xyz,6
002992.xyz,6
002994.xyz,6
002995.xyz,6
002996.xyz,6
002997.xyz,6
002998.xyz,6
003023.xyz,6
003025.xyz,6
003026.xyz,6
003027.xyz,6
003028.xyz,6
003029.xyz,6
003031.xyz,6
003032.xyz,6
003034.xyz,6
003035.xyz,6
003036.xyz,6
003038.xyz,6
003039.xyz,6
003041.xyz,6
003042.xyz,6
003043.xyz,6
003044.xyz,6
003045.xyz,6
003046.xyz,6
003047.xyz,6
003048.xyz,6
003049.xyz,6
003050.xyz,6
003051.xyz,6
003052.xyz,6
003053.xyz,6
003054.xyz,6
003055.xyz,6
003056.xyz,6
003057.xyz,6
003058.xyz,6
003059.xyz,6
003062.xyz,6
003063.xyz,6
003064.xyz,6
003065.xyz,6
003067.xyz,6
003068.xyz,6
003069.xyz,6
003070.xyz,6
003071.xyz,6
003072.xyz,6
003073.xyz,6
003074.xyz,6
003075.xyz,6
003076.xyz,6
003077.xyz,6
003078.xyz,6
003079.xyz,6
003081.xyz,6
003082.xyz,6
003083.xyz,6
003084.xyz,6
003086.xyz,6
003087.xyz,6
003089.xyz,6
003101.xyz,6
003103.xyz,6
003104.xyz,6
003105.xyz,6
003106.xyz,6
003107.xyz,6
003108.xyz,6
003110.xyz,6
003112.xyz,6
003115.xyz,6
003117.xyz,6
003118.xyz,6
003119.xyz,6
003121.xyz,6
003122.xyz,6
003124.xyz,6
003126.xyz,6
003127.xyz,6
003128.xyz,6
003129.xyz,6
003130.xyz,6
003132.xyz,6
003133.xyz,6
003135.xyz,6
003136.xyz,6
003137.xyz,6
003138.xyz,6
003139.xyz,6
003142.xyz,6
003143.xyz,6
003144.xyz,6
003145.xyz,6
003146.xyz,6
003147.xyz,6
003148.xyz,6
003149.xyz,6
003150.xyz,6
003151.xyz,6
003152.xyz,6
003154.xyz,6
003155.xyz,6
003156.xyz,6
003157.xyz,6
003159.xyz,6
003160.xyz,6
003161.xyz,6
003162.xyz,6
003163.xyz,6
003164.xyz,6
003165.xyz,6
003167.xyz,6
003168.xyz,6
003169.xyz,6
003170.xyz,6
003171.xyz,6
003172.xyz,6
003173.xyz,6
003176.xyz,6
003177.xyz,6
003178.xyz,6
003179.xyz,6
003180.xyz,6
003181.xyz,6
003182.xyz,6
003183.xyz,6
003185.xyz,6
003186.xyz,6
003187.xyz,6
003188.xyz,6
003189.xyz,6
003190.xyz,6
003191.xyz,6
003192.xyz,6
003193.xyz,6
003194.xyz,6
003195.xyz,6
003197.xyz,6
003198.xyz,6
003199.xyz,6
003201.xyz,6
003202.xyz,6
003203.xyz,6
003204.xyz,6
003205.xyz,6
003207.xyz,6
003208.xyz,6
003209.xyz,6
003212.xyz,6
003213.xyz,6
003214.xyz,6
003215.xyz,6
003216.xyz,6
003217.xyz,6
003219.xyz,6
003220.xyz,6
003222.xyz,6
003223.xyz,6
003224.xyz,6
003226.xyz,6
003227.xyz,6
003228.xyz,6
003229.xyz,6
003230.xyz,6
003231.xyz,6
003234.xyz,6
003235.xyz,6
003236.xyz,6
003237.xyz,6
003238.xyz,6
003239.xyz,6
003240.xyz,6
003241.xyz,6
003242.xyz,6
003243.xyz,6
003244.xyz,6
003245.xyz,6
003246.xyz,6
003247.xyz,6
003248.xyz,6
003249.xyz,6
003250.xyz,6
003251.xyz,6
003252.xyz,6
003253.xyz,6
003256.xyz,6
003257.xyz,6
003258.xyz,6
003259.xyz,6
003260.xyz,6
003261.xyz,6
003262.xyz,6
003264.xyz,6
003265.xyz,6
003266.xyz,6
003267.xyz,6
003268.xyz,6
003269.xyz,6
003270.xyz,6
003271.xyz,6
003272.xyz,6
003273.xyz,6
003275.xyz,6
003276.xyz,6
003277.xyz,6
003278.xyz,6
003279.xyz,6
003280.xyz,6
003282.xyz,6
003283.xyz,6
003285.xyz,6
003286.xyz,6
003287.xyz,6
003288.xyz,6
003289.xyz,6
003290.xyz,6
003291.xyz,6
003292.xyz,6
003293.xyz,6
003294.xyz,6
003295.xyz,6
003297.xyz,6
003298.xyz,6
003299.xyz,6
003302.xyz,6
003304.xyz,6
003306.xyz,6
003307.xyz,6
003308.xyz,6
003309.xyz,6
003312.xyz,6
003314.xyz,6
003315.xyz,6
003316.xyz,6
003317.xyz,6
003318.xyz,6
003319.xyz,6
003324.xyz,6
003326.xyz,6
003327.xyz,6
003328.xyz,6
003329.xyz,6
003334.xyz,6
003336.xyz,6
003337.xyz,6
003340.xyz,6
003341.xyz,6
003342.xyz,6
003346.xyz,6
003347.xyz,6
003348.xyz,6
003349.xyz,6
003350.xyz,6
003351.xyz,6
003353.xyz,6
003354.xyz,6
003357.xyz,6
003358.xyz,6
003359.xyz,6
003360.xyz,6
003361.xyz,6
003362.xyz,6
003363.xyz,6
003364.xyz,6
003368.xyz,6
003369.xyz,6
003371.xyz,6
003372.xyz,6
003373.xyz,6
003374.xyz,6
003375.xyz,6
003376.xyz,6
003378.xyz,6
003379.xyz,6
003380.xyz,6
003381.xyz,6
003383.xyz,6
003384.xyz,6
003385.xyz,6
003386.xyz,6
003387.xyz,6
003391.xyz,6
003392.xyz,6
003393.xyz,6
003394.xyz,6
003395.xyz,6
003396.xyz,6
003397.xyz,6
003398.xyz,6
003401.xyz,6
003402.xyz,6
003403.xyz,6
003405.xyz,6
003406.xyz,6
003407.xyz,6
003408.xyz,6
003409.xyz,6
003410.xyz,6
003411.xyz,6
003412.xyz,6
003413.xyz,6
003414.xyz,6
003415.xyz,6
003416.xyz,6
003417.xyz,6
003418.xyz,6
003419.xyz,6
003420.xyz,6
003421.xyz,6
003422.xyz,6
003423.xyz,6
003424.xyz,6
003426.xyz,6
003427.xyz,6
003429.xyz,6
003430.xyz,6
003432.xyz,6
003433.xyz,6
003435.xyz,6
003436.xyz,6
003437.xyz,6
003438.xyz,6
003439.xyz,6
003440.xyz,6
003442.xyz,6
003443.xyz,6
003445.xyz,6
003446.xyz,6
003447.xyz,6
003449.xyz,6
003450.xyz,6
003452.xyz,6
003455.xyz,6
003457.xyz,6
003459.xyz,6
003460.xyz,6
003462.xyz,6
003463.xyz,6
003464.xyz,6
003465.xyz,6
003466.xyz,6
003467.xyz,6
003468.xyz,6
003469.xyz,6
003470.xyz,6
003471.xyz,6
003472.xyz,6
003473.xyz,6
003474.xyz,6
003475.xyz,6
003476.xyz,6
003477.xyz,6
003478.xyz,6
003479.xyz,6
003480.xyz,6
003481.xyz,6
003482.xyz,6
003483.xyz,6
003484.xyz,6
003485.xyz,6
003486.xyz,6
003487.xyz,6
003488.xyz,6
003489.xyz,6
003490.xyz,6
003491.xyz,6
003492.xyz,6
003493.xyz,6
003494.xyz,6
003495.xyz,6
003496.xyz,6
003497.xyz,6
003498.xyz,6
003499.xyz,6
003501.xyz,6
003502.xyz,6
003503.xyz,6
003504.xyz,6
003505.xyz,6
003506.xyz,6
003507.xyz,6
003508.xyz,6
003509.xyz,6
003512.xyz,6
003513.xyz,6
003514.xyz,6
003515.xyz,6
003516.xyz,6
003517.xyz,6
003518.xyz,6
003519.xyz,6
003521.xyz,6
003522.xyz,6
003523.xyz,6
003525.xyz,6
003526.xyz,6
003527.xyz,6
003529.xyz,6
003532.xyz,6
003533.xyz,6
003534.xyz,6
003536.xyz,6
003537.xyz,6
003538.xyz,6
003539.xyz,6
003541.xyz,6
003542.xyz,6
003543.xyz,6
003544.xyz,6
003545.xyz,6
003546.xyz,6
003548.xyz,6
003549.xyz,6
003551.xyz,6
003552.xyz,6
003553.xyz,6
003554.xyz,6
003557.xyz,6
003558.xyz,6
003561.xyz,6
003562.xyz,6
003563.xyz,6
003564.xyz,6
003566.xyz,6
003567.xyz,6
003568.xyz,6
003569.xyz,6
003571.xyz,6
003572.xyz,6
003573.xyz,6
003574.xyz,6
003575.xyz,6
003576.xyz,6
003577.xyz,6
003578.xyz,6
003581.xyz,6
003582.xyz,6
003583.xyz,6
003584.xyz,6
003585.xyz,6
003586.xyz,6
003587.xyz,6
003588.xyz,6
003589.xyz,6
003591.xyz,6
003592.xyz,6
003593.xyz,6
003594.xyz,6
003595.xyz,6
003596.xyz,6
003597.xyz,6
003599.xyz,6
003650.xyz,6
003686.xyz,6
003723.xyz,6
003740.xyz,6
003741.xyz,6
003742.xyz,6
003743.xyz,6
003744.xyz,6
003745.xyz,6
003747.xyz,6
003748.xyz,6
003749.xyz,6
003750.xyz,6
003751.xyz,6
003752.xyz,6
003753.xyz,6
003754.xyz,6
003756.xyz,6
003757.xyz,6
003758.xyz,6
003759.xyz,6
003760.xyz,6
003761.xyz,6
003762.xyz,6
003763.xyz,6
003764.xyz,6
003765.xyz,6
003766.xyz,6
003767.xyz,6
003768.xyz,6
003769.xyz,6
003770.xyz,6
003771.xyz,6
003772.xyz,6
003774.xyz,6
003775.xyz,6
003776.xyz,6
003778.xyz,6
003779.xyz,6
003780.xyz,6
003781.xyz,6
003782.xyz,6
003783.xyz,6
003784.xyz,6
003785.xyz,6
003786.xyz,6
003787.xyz,6
003788.xyz,6
003789.xyz,6
003790.xyz,6
003791.xyz,6
003792.xyz,6
003793.xyz,6
003794.xyz,6
003796.xyz,6
003797.xyz,6
003798.xyz,6
003799.xyz,6
003801.xyz,6
003802.xyz,6
003803.xyz,6
003804.xyz,6
003805.xyz,6
003806.xyz,6
003807.xyz,6
003808.xyz,6
003812.xyz,6
003813.xyz,6
003814.xyz,6
003815.xyz,6
003817.xyz,6
003818.xyz,6
003819.xyz,6
003821.xyz,6
003822.xyz,6
003823.xyz,6
003824.xyz,6
003825.xyz,6
003826.xyz,6
003827.xyz,6
003829.xyz,6
003831.xyz,6
003832.xyz,6
003835.xyz,6
003836.xyz,6
003837.xyz,6
003839.xyz,6
003841.xyz,6
003842.xyz,6
003843.xyz,6
003844.xyz,6
003845.xyz,6
003846.xyz,6
003847.xyz,6
003848.xyz,6
003849.xyz,6
003851.xyz,6
003852.xyz,6
003854.xyz,6
003855.xyz,6
003856.xyz,6
003857.xyz,6
003858.xyz,6
003859.xyz,6
003861.xyz,6
003862.xyz,6
003863.xyz,6
003864.xyz,6
003866.xyz,6
003868.xyz,6
003869.xyz,6
003871.xyz,6
003872.xyz,6
003873.xyz,6
003874.xyz,6
003875.xyz,6
003876.xyz,6
003877.xyz,6
003878.xyz,6
003879.xyz,6
003881.xyz,6
003882.xyz,6
003883.xyz,6
003884.xyz,6
003885.xyz,6
003886.xyz,6
003887.xyz,6
003889.xyz,6
003891.xyz,6
003892.xyz,6
003893.xyz,6
003894.xyz,6
003895.xyz,6
003896.xyz,6
003897.xyz,6
003898.xyz,6
003899.xyz,6
003902.xyz,6
003903.xyz,6
003904.xyz,6
003905.xyz,6
003906.xyz,6
003908.xyz,6
003909.xyz,6
003910.xyz,6
003911.xyz,6
003912.xyz,6
003913.xyz,6
003914.xyz,6
003915.xyz,6
003916.xyz,6
003917.xyz,6
003918.xyz,6
003919.xyz,6
003920.xyz,6
003921.xyz,6
003922.xyz,6
003923.xyz,6
003924.xyz,6
003925.xyz,6
003926.xyz,6
003928.xyz,6
003929.xyz,6
003930.xyz,6
003932.xyz,6
003933.xyz,6
003934.xyz,6
003935.xyz,6
003936.xyz,6
003937.xyz,6
003938.xyz,6
003940.xyz,6
003941.xyz,6
003944.xyz,6
003945.xyz,6
003946.xyz,6
003947.xyz,6
003948.xyz,6
003949.xyz,6
003950.xyz,6
003951.xyz,6
003952.xyz,6
003953.xyz,6
003955.xyz,6
003956.xyz,6
003957.xyz,6
003958.xyz,6
003959.xyz,6
003960.xyz,6
003961.xyz,6
003962.xyz,6
003963.xyz,6
003964.xyz,6
003965.xyz,6
003966.xyz,6
003967.xyz,6
003968.xyz,6
003969.xyz,6
003970.xyz,6
003971.xyz,6
003972.xyz,6
003973.xyz,6
003974.xyz,6
003975.xyz,6
003976.xyz,6
003977.xyz,6
003978.xyz,6
003979.xyz,6
003980.xyz,6
003981.xyz,6
003982.xyz,6
003983.xyz,6
003984.xyz,6
003985.xyz,6
003986.xyz,6
003987.xyz,6
003990.xyz,6
003991.xyz,6
003992.xyz,6
003993.xyz,6
003994.xyz,6
003995.xyz,6
003997.xyz,6
003998.xyz,6
004001.xyz,6
004002.xyz,6
004011.xyz,6
004012.xyz,6
004013.xyz,6
004014.xyz,6
004015.xyz,6
004016.xyz,6
004017.xyz,6
004018.xyz,6
004021.xyz,6
004022.xyz,6
004023.xyz,6
004024.xyz,6
004025.xyz,6
004026.xyz,6
004027.xyz,6
004028.xyz,6
004029.xyz,6
004030.xyz,6
004031.xyz,6
004032.xyz,6
004033.xyz,6
004034.xyz,6
004035.xyz,6
004036.xyz,6
004037.xyz,6
004038.xyz,6
004039.xyz,6
004041.xyz,6
004042.xyz,6
004043.xyz,6
004045.xyz,6
004046.xyz,6
004047.xyz,6
004048.xyz,6
004049.xyz,6
004051.xyz,6
004052.xyz,6
004054.xyz,6
004055.xyz,6
004056.xyz,6
004057.xyz,6
004058.xyz,6
004059.xyz,6
004061.xyz,6
004062.xyz,6
004063.xyz,6
004064.xyz,6
004065.xyz,6
004066.xyz,6
004067.xyz,6
004068.xyz,6
004069.xyz,6
004070.xyz,6
004071.xyz,6
004072.xyz,6
004073.xyz,6
004074.xyz,6
004075.xyz,6
004076.xyz,6
004077.xyz,6
004078.xyz,6
004079.xyz,6
004081.xyz,6
004082.xyz,6
004083.xyz,6
004084.xyz,6
004085.xyz,6
004086.xyz,6
004087.xyz,6
004088.xyz,6
004089.xyz,6
004091.xyz,6
004092.xyz,6
004093.xyz,6
004094.xyz,6
004097.xyz,6
004098.xyz,6
004099.xyz,6
004101.xyz,6
004102.xyz,6
004103.xyz,6
004104.xyz,6
004105.xyz,6
004106.xyz,6
004107.xyz,6
004108.xyz,6
004109.xyz,6
004110.xyz,6
004112.xyz,6
004113.xyz,6
004114.xyz,6
004115.xyz,6
004116.xyz,6
004117.xyz,6
004118.xyz,6
004120.xyz,6
004121.xyz,6
004122.xyz,6
004123.xyz,6
004124.xyz,6
004125.xyz,6
004126.xyz,6
004127.xyz,6
004129.xyz,6
004130.xyz,6
004131.xyz,6
004132.xyz,6
004133.xyz,6
004134.xyz,6
004135.xyz,6
004136.xyz,6
004137.xyz,6
004139.xyz,6
004140.xyz,6
004142.xyz,6
004145.xyz,6
004146.xyz,6
004147.xyz,6
004148.xyz,6
004149.xyz,6
004150.xyz,6
004151.xyz,6
004152.xyz,6
004153.xyz,6
004154.xyz,6
004155.xyz,6
004156.xyz,6
004157.xyz,6
004158.xyz,6
004159.xyz,6
004160.xyz,6
004161.xyz,6
004162.xyz,6
004163.xyz,6
004164.xyz,6
004165.xyz,6
004166.xyz,6
004167.xyz,6
004169.xyz,6
004170.xyz,6
004171.xyz,6
004172.xyz,6
004173.xyz,6
004174.xyz,6
004175.xyz,6
004176.xyz,6
004177.xyz,6
004178.xyz,6
004181.xyz,6
004182.xyz,6
004183.xyz,6
004184.xyz,6
004185.xyz,6
004186.xyz,6
004187.xyz,6
004189.xyz,6
004190.xyz,6
004191.xyz,6
004192.xyz,6
004193.xyz,6
004194.xyz,6
004195.xyz,6
004196.xyz,6
004197.xyz,6
004199.xyz,6
004201.xyz,6
004202.xyz,6
004203.xyz,6
004204.xyz,6
004205.xyz,6
004206.xyz,6
004207.xyz,6
004208.xyz,6
004209.xyz,6
004210.xyz,6
004211.xyz,6
004212.xyz,6
004213.xyz,6
004214.xyz,6
004215.xyz,6
004216.xyz,6
004217.xyz,6
004218.xyz,6
004219.xyz,6
004220.xyz,6
004221.xyz,6
004225.xyz,6
004226.xyz,6
004227.xyz,6
004228.xyz,6
004229.xyz,6
004230.xyz,6
004231.xyz,6
004232.xyz,6
004233.xyz,6
004234.xyz,6
004235.xyz,6
004236.xyz,6
004237.xyz,6
004238.xyz,6
004239.xyz,6
004240.xyz,6
004241.xyz,6
004243.xyz,6
004244.xyz,6
004245.xyz,6
004246.xyz,6
004247.xyz,6
004248.xyz,6
004249.xyz,6
004250.xyz,6
004251.xyz,6
004252.xyz,6
004253.xyz,6
004254.xyz,6
004255.xyz,6
004256.xyz,6
004258.xyz,6
004260.xyz,6
004261.xyz,6
004262.xyz,6
004263.xyz,6
004264.xyz,6
004265.xyz,6
004266.xyz,6
004267.xyz,6
004268.xyz,6
004270.xyz,6
004271.xyz,6
004272.xyz,6
004273.xyz,6
004274.xyz,6
004275.xyz,6
004276.xyz,6
004277.xyz,6
004278.xyz,6
004279.xyz,6
004280.xyz,6
004281.xyz,6
004282.xyz,6
004283.xyz,6
004284.xyz,6
004285.xyz,6
004286.xyz,6
004287.xyz,6
004288.xyz,6
004289.xyz,6
004290.xyz,6
004291.xyz,6
004292.xyz,6
004293.xyz,6
004294.xyz,6
004295.xyz,6
004296.xyz,6
004297.xyz,6
004298.xyz,6
004299.xyz,6
004301.xyz,6
004302.xyz,6
004304.xyz,6
004305.xyz,6
004306.xyz,6
004307.xyz,6
004308.xyz,6
004309.xyz,6
004310.xyz,6
004311.xyz,6
004312.xyz,6
004313.xyz,6
004314.xyz,6
004315.xyz,6
004316.xyz,6
004317.xyz,6
004318.xyz,6
004319.xyz,6
004320.xyz,6
004323.xyz,6
004324.xyz,6
004325.xyz,6
004327.xyz,6
004328.xyz,6
004329.xyz,6
004330.xyz,6
004331.xyz,6
004332.xyz,6
004334.xyz,6
004335.xyz,6
004336.xyz,6
004337.xyz,6
004338.xyz,6
004339.xyz,6
004340.xyz,6
004342.xyz,6
004343.xyz,6
004344.xyz,6
004345.xyz,6
004346.xyz,6
004347.xyz,6
004348.xyz,6
004350.xyz,6
004352.xyz,6
004353.xyz,6
004354.xyz,6
004355.xyz,6
004356.xyz,6
004357.xyz,6
004358.xyz,6
004359.xyz,6
004360.xyz,6
004361.xyz,6
004362.xyz,6
004364.xyz,6
004365.xyz,6
004366.xyz,6
004367.xyz,6
004368.xyz,6
004369.xyz,6
004370.xyz,6
004371.xyz,6
004372.xyz,6
004373.xyz,6
004374.xyz,6
004375.xyz,6
004376.xyz,6
004377.xyz,6
004378.xyz,6
004379.xyz,6
004380.xyz,6
004381.xyz,6
004382.xyz,6
004383.xyz,6
004384.xyz,6
004385.xyz,6
004386.xyz,6
004387.xyz,6
004388.xyz,6
004389.xyz,6
004390.xyz,6
004391.xyz,6
004392.xyz,6
004393.xyz,6
004394.xyz,6
004395.xyz,6
004396.xyz,6
004397.xyz,6
004398.xyz,6
004402.xyz,6
004403.xyz,6
004405.xyz,6
004406.xyz,6
004407.xyz,6
004408.xyz,6
004409.xyz,6
004412.xyz,6
004413.xyz,6
004414.xyz,6
004415.xyz,6
004417.xyz,6
004418.xyz,6
004421.xyz,6
004424.xyz,6
004425.xyz,6
004426.xyz,6
004427.xyz,6
004428.xyz,6
004429.xyz,6
004430.xyz,6
004431.xyz,6
004432.xyz,6
004434.xyz,6
004435.xyz,6
004436.xyz,6
004437.xyz,6
004438.xyz,6
004439.xyz,6
004442.xyz,6
004443.xyz,6
004445.xyz,6
004447.xyz,6
004448.xyz,6
004449.xyz,6
004450.xyz,6
004451.xyz,6
004452.xyz,6
004453.xyz,6
004454.xyz,6
004457.xyz,6
004458.xyz,6
004459.xyz,6
004460.xyz,6
004461.xyz,6
004462.xyz,6
004463.xyz,6
004464.xyz,6
004465.xyz,6
004467.xyz,6
004468.xyz,6
004469.xyz,6
004470.xyz,6
004471.xyz,6
004472.xyz,6
004473.xyz,6
004474.xyz,6
004475.xyz,6
004476.xyz,6
004478.xyz,6
004479.xyz,6
004480.xyz,6
004481.xyz,6
004482.xyz,6
004483.xyz,6
004484.xyz,6
004485.xyz,6
004486.xyz,6
004487.xyz,6
004489.xyz,6
004490.xyz,6
004491.xyz,6
004492.xyz,6
004494.xyz,6
004495.xyz,6
004496.xyz,6
004497.xyz,6
004498.xyz,6
004501.xyz,6
004502.xyz,6
004503.xyz,6
004504.xyz,6
004505.xyz,6
004506.xyz,6
004507.xyz,6
004508.xyz,6
004509.xyz,6
004510.xyz,6
004511.xyz,6
004512.xyz,6
004513.xyz,6
004515.xyz,6
004516.xyz,6
004517.xyz,6
004518.xyz,6
004519.xyz,6
004520.xyz,6
004522.xyz,6
004523.xyz,6
004524.xyz,6
004525.xyz,6
004527.xyz,6
004528.xyz,6
004529.xyz,6
004530.xyz,6
004531.xyz,6
004532.xyz,6
004533.xyz,6
004534.xyz,6
004535.xyz,6
004536.xyz,6
004537.xyz,6
004539.xyz,6
004540.xyz,6
004541.xyz,6
004542.xyz,6
004543.xyz,6
004544.xyz,6
004546.xyz,6
004547.xyz,6
004548.xyz,6
004549.xyz,6
004550.xyz,6
004552.xyz,6
004554.xyz,6
004556.xyz,6
004557.xyz,6
004558.xyz,6
004559.xyz,6
004566.xyz,6
004571.xyz,6
004572.xyz,6
004573.xyz,6
004575.xyz,6
004576.xyz,6
004577.xyz,6
004578.xyz,6
004579.xyz,6
004581.xyz,6
004582.xyz,6
004583.xyz,6
004584.xyz,6
004585.xyz,6
004586.xyz,6
004588.xyz,6
004589.xyz,6
004590.xyz,6
004591.xyz,6
004592.xyz,6
004593.xyz,6
004594.xyz,6
004595.xyz,6
004596.xyz,6
004597.xyz,6
004598.xyz,6
004599.xyz,6
004601.xyz,6
004602.xyz,6
004603.xyz,6
004604.xyz,6
004605.xyz,6
004606.xyz,6
004607.xyz,6
004608.xyz,6
004609.xyz,6
004610.xyz,6
004611.xyz,6
004612.xyz,6
004613.xyz,6
004615.xyz,6
004616.xyz,6
004617.xyz,6
004618.xyz,6
004619.xyz,6
004620.xyz,6
004621.xyz,6
004622.xyz,6
004623.xyz,6
004624.xyz,6
004625.xyz,6
004626.xyz,6
004627.xyz,6
004628.xyz,6
004629.xyz,6
004630.xyz,6
004631.xyz,6
004632.xyz,6
004633.xyz,6
004634.xyz,6
004635.xyz,6
004636.xyz,6
004637.xyz,6
004638.xyz,6
004639.xyz,6
004640.xyz,6
004641.xyz,6
004642.xyz,6
004643.xyz,6
004645.xyz,6
004646.xyz,6
004647.xyz,6
004648.xyz,6
004650.xyz,6
004651.xyz,6
004652.xyz,6
004653.xyz,6
004654.xyz,6
004655.xyz,6
004656.xyz,6
004657.xyz,6
004658.xyz,6
004659.xyz,6
004660.xyz,6
004661.xyz,6
004662.xyz,6
004663.xyz,6
004664.xyz,6
004665.xyz,6
004667.xyz,6
004669.xyz,6
004670.xyz,6
004671.xyz,6
004672.xyz,6
004673.xyz,6
004674.xyz,6
004675.xyz,6
004676.xyz,6
004677.xyz,6
004678.xyz,6
004685.xyz,6
004686.xyz,6
004687.xyz,6
004688.xyz,6
004689.xyz,6
004690.xyz,6
004691.xyz,6
004692.xyz,6
004693.xyz,6
004694.xyz,6
004695.xyz,6
004696.xyz,6
004697.xyz,6
004698.xyz,6
004699.xyz,6
004702.xyz,6
004703.xyz,6
004704.xyz,6
004705.xyz,6
004706.xyz,6
004707.xyz,6
004709.xyz,6
004710.xyz,6
004711.xyz,6
004712.xyz,6
004713.xyz,6
004714.xyz,6
004715.xyz,6
004716.xyz,6
004717.xyz,6
004718.xyz,6
004719.xyz,6
004720.xyz,6
004721.xyz,6
004723.xyz,6
004724.xyz,6
004725.xyz,6
004726.xyz,6
004727.xyz,6
004728.xyz,6
004729.xyz,6
004731.xyz,6
004732.xyz,6
004733.xyz,6
004734.xyz,6
004735.xyz,6
004736.xyz,6
004737.xyz,6
004739.xyz,6
004740.xyz,6
004741.xyz,6
004742.xyz,6
004743.xyz,6
004744.xyz,6
004745.xyz,6
004746.xyz,6
004748.xyz,6
004749.xyz,6
004750.xyz,6
004751.xyz,6
004752.xyz,6
004753.xyz,6
004754.xyz,6
004756.xyz,6
004757.xyz,6
004758.xyz,6
004760.xyz,6
004761.xyz,6
004762.xyz,6
004763.xyz,6
004764.xyz,6
004765.xyz,6
004766.xyz,6
004767.xyz,6
004768.xyz,6
004769.xyz,6
004770.xyz,6
004771.xyz,6
004772.xyz,6
004773.xyz,6
004774.xyz,6
004775.xyz,6
004778.xyz,6
004779.xyz,6
004780.xyz,6
004781.xyz,6
004782.xyz,6
004783.xyz,6
004784.xyz,6
004785.xyz,6
004786.xyz,6
004787.xyz,6
004788.xyz,6
004789.xyz,6
004790.xyz,6
004791.xyz,6
004792.xyz,6
004793.xyz,6
004794.xyz,6
004795.xyz,6
004796.xyz,6
004797.xyz,6
004798.xyz,6
004799.xyz,6
004801.xyz,6
004802.xyz,6
004803.xyz,6
004804.xyz,6
004805.xyz,6
004807.xyz,6
004808.xyz,6
004809.xyz,6
004810.xyz,6
004811.xyz,6
004812.xyz,6
004813.xyz,6
004815.xyz,6
004816.xyz,6
004817.xyz,6
004818.xyz,6
004819.xyz,6
004820.xyz,6
004821.xyz,6
004823.xyz,6
004824.xyz,6
004825.xyz,6
004826.xyz,6
004827.xyz,6
004828.xyz,6
004830.xyz,6
004831.xyz,6
004832.xyz,6
004833.xyz,6
004834.xyz,6
004835.xyz,6
004836.xyz,6
004837.xyz,6
004838.xyz,6
004839.xyz,6
004840.xyz,6
004841.xyz,6
004842.xyz,6
004843.xyz,6
004844.xyz,6
004845.xyz,6
004846.xyz,6
004847.xyz,6
004849.xyz,6
004850.xyz,6
004851.xyz,6
004852.xyz,6
004853.xyz,6
004854.xyz,6
004855.xyz,6
004856.xyz,6
004857.xyz,6
004858.xyz,6
004861.xyz,6
004862.xyz,6
004863.xyz,6
004864.xyz,6
004865.xyz,6
004867.xyz,6
004868.xyz,6
004870.xyz,6
004872.xyz,6
004873.xyz,6
004874.xyz,6
004875.xyz,6
004876.xyz,6
004877.xyz,6
004878.xyz,6
004879.xyz,6
004880.xyz,6
004881.xyz,6
004882.xyz,6
004883.xyz,6
004884.xyz,6
004885.xyz,6
004886.xyz,6
004889.xyz,6
004890.xyz,6
004891.xyz,6
004892.xyz,6
004893.xyz,6
004894.xyz,6
004895.xyz,6
004896.xyz,6
004898.xyz,6
004901.xyz,6
004902.xyz,6
004903.xyz,6
004904.xyz,6
004905.xyz,6
004906.xyz,6
004907.xyz,6
004908.xyz,6
004909.xyz,6
004910.xyz,6
004911.xyz,6
004912.xyz,6
004913.xyz,6
004914.xyz,6
004915.xyz,6
004916.xyz,6
004917.xyz,6
004919.xyz,6
004920.xyz,6
004921.xyz,6
004922.xyz,6
004923.xyz,6
004924.xyz,6
004925.xyz,6
004926.xyz,6
004927.xyz,6
004928.xyz,6
004929.xyz,6
004930.xyz,6
004931.xyz,6
004932.xyz,6
004933.xyz,6
004934.xyz,6
004935.xyz,6
004936.xyz,6
004937.xyz,6
004938.xyz,6
004939.xyz,6
004941.xyz,6
004942.xyz,6
004943.xyz,6
004944.xyz,6
004945.xyz,6
004946.xyz,6
004947.xyz,6
004948.xyz,6
004950.xyz,6
004951.xyz,6
004952.xyz,6
004953.xyz,6
004955.xyz,6
004957.xyz,6
004958.xyz,6
004959.xyz,6
004960.xyz,6
004961.xyz,6
004962.xyz,6
004963.xyz,6
004964.xyz,6
004965.xyz,6
004966.xyz,6
004967.xyz,6
004968.xyz,6
004969.xyz,6
004970.xyz,6
004971.xyz,6
004972.xyz,6
004973.xyz,6
004974.xyz,6
004975.xyz,6
004976.xyz,6
004977.xyz,6
004978.xyz,6
004980.xyz,6
004981.xyz,6
004982.xyz,6
004983.xyz,6
004984.xyz,6
004985.xyz,6
004986.xyz,6
004988.xyz,6
004989.xyz,6
004990.xyz,6
004991.xyz,6
004992.xyz,6
004993.xyz,6
004994.xyz,6
004995.xyz,6
004996.xyz,6
004997.xyz,6
005012.xyz,6
005013.xyz,6
005014.xyz,6
005015.xyz,6
005016.xyz,6
005017.xyz,6
005018.xyz,6
005019.xyz,6
005032.xyz,6
005035.xyz,6
005037.xyz,6
005038.xyz,6
005039.xyz,6
005041.xyz,6
005042.xyz,6
005043.xyz,6
005044.xyz,6
005045.xyz,6
005046.xyz,6
005048.xyz,6
005049.xyz,6
005054.xyz,6
005056.xyz,6
005057.xyz,6
005058.xyz,6
005059.xyz,6
005062.xyz,6
005063.xyz,6
005064.xyz,6
005065.xyz,6
005066.xyz,6
005067.xyz,6
005068.xyz,6
005069.xyz,6
005071.xyz,6
005072.xyz,6
005073.xyz,6
005074.xyz,6
005075.xyz,6
005076.xyz,6
005077.xyz,6
005078.xyz,6
005091.xyz,6
005092.xyz,6
005093.xyz,6
005094.xyz,6
005095.xyz,6
005096.xyz,6
005097.xyz,6
005098.xyz,6
005099.xyz,6
005101.xyz,6
005102.xyz,6
005103.xyz,6
005104.xyz,6
005105.xyz,6
005108.xyz,6
005109.xyz,6
005110.xyz,6
005112.xyz,6
005113.xyz,6
005114.xyz,6
005116.xyz,6
005117.xyz,6
005118.xyz,6
005120.xyz,6
005122.xyz,6
005124.xyz,6
005125.xyz,6
005126.xyz,6
005128.xyz,6
005129.xyz,6
